name,photo,width,height
Test__vector-glassy-button-cs-by-dragonart.ppm.ppm,0,1000,1000
Test__vector-music-melody-preview_PNGOUT.ppm.ppm,0,494,494
Test_01-03_rouders_PNGOUT.ppm.ppm,0,450,280
Test_01PNG-PNGOUTWin_PNGOUT.ppm.ppm,0,4824,972
Test_02_Schluesselfelder_Schiff-PNG.ppm.ppm,1,500,500
Test_02PNG-PNGOUTWin.ppm.ppm,0,1124,1356
Test_03PNG-PNGOUTWin.ppm.ppm,0,2458,2112
Test_20_petra_cold_landscape.png.ppm,1,1024,768
Test_20080227053020!Myoglobin_PNGOUT.ppm.ppm,0,656,670
Test_248080202_731e632c11_o.png.ppm,0,500,500
Test_275000.ppm.ppm,1,486,730
Test_275001.ppm.ppm,1,740,480
Test_275002.ppm.ppm,1,488,740
Test_275003.ppm.ppm,1,490,740
Test_275004.ppm.ppm,1,490,738
Test_275005.ppm.ppm,1,482,740
Test_275006.ppm.ppm,1,488,740
Test_275007.ppm.ppm,1,482,742
Test_275008.ppm.ppm,1,490,742
Test_275009.ppm.ppm,1,486,734
Test_2mpampjjpg.png.ppm,0,1024,722
Test_354000.ppm.ppm,1,738,488
Test_354001.ppm.ppm,1,736,490
Test_354002.ppm.ppm,1,736,492
Test_354003.ppm.ppm,1,742,488
Test_354004.ppm.ppm,1,738,484
Test_354005.ppm.ppm,1,734,482
Test_354006.ppm.ppm,1,738,488
Test_354007.ppm.ppm,1,736,488
Test_354008.ppm.ppm,1,734,488
Test_354009.ppm.ppm,1,736,488
Test_384001.ppm.ppm,1,488,730
Test_384002.ppm.ppm,1,732,488
Test_384003.ppm.ppm,1,490,740
Test_384004.ppm.ppm,1,768,512
Test_384006.ppm.ppm,1,728,494
Test_384007.ppm.ppm,1,730,486
Test_384009.ppm.ppm,1,490,736
Test_384010.ppm.ppm,1,738,482
Test_384010-2.ppm.ppm,1,512,480
Test_384011.ppm.ppm,1,488,724
Test_500px-Roadmap_to_Unicode_BMP_de.svg.png.ppm,0,500,312
Test_618px-Speed1c.ppm.ppm,0,618,600
Test_800px-0849_pilar_ebro_2004.ppm.ppm,1,800,490
Test_Alexandra+Burke+SUPER+HQ++PNG.ppm.ppm,1,500,530
Test_architecture-5ao.ppm.ppm,1,1420,930
Test_architecture-7q7.ppm.ppm,1,1420,930
Test_artificial8_full_PNGOUT.ppm.ppm,0,3072,2048
Test_Ashton_landscape.png.ppm,1,1024,768
Test_aspens.ppm.ppm,1,702,460
Test_auto1.ppm.ppm,1,800,600
Test_balloon.ppm.ppm,1,512,482
Test_barbara_PNGOUT.ppm.ppm,1,720,576
Test_barbara2_PNGOUT.ppm.ppm,1,720,576
Test_battery-6rc0.ppm.ppm,1,1420,930
Test_beach1.ppm.ppm,1,512,482
Test_beach2.ppm.ppm,1,512,482
Test_bear.ppm.ppm,1,372,298
Test_BigBuckBunny-Landscape.png.ppm,0,1920,1000
Test_bike.rgb_PNGOUT.ppm.ppm,1,2048,2560
Test_bike3.ppm.ppm,1,780,918
Test_black.ppm.ppm,1,720,576
Test_BlockMap_Photoshop_PNGOUT.ppm.ppm,1,1430,2012
Test_BML_CAT_Chartres_03k_PNGOUT.ppm.ppm,0,882,588
Test_boots_PNGOUT.ppm.ppm,0,1018,854
Test_Bretagne2.ppm.ppm,1,2592,1944
Test_brick.ppm.ppm,1,2592,1944
Test_bullfight.ppm.ppm,1,384,256
Test_BumbleBee_HedKase.ppm.ppm,0,5400,3600
Test_cafe.rgb.ppm.ppm,1,2048,2560
Test_captured_Image-png_4d60c4b0-7133-4ef8-bbe0-be0e27b0bf29_PNGOUT.ppm.ppm,0,500,496
Test_carpets-j4h.ppm.ppm,1,1420,930
Test_cathedral.ppm.ppm,1,2000,3008
Test_cement.ppm.ppm,1,2592,1944
Test_Cevennes1.ppm.ppm,1,2592,1944
Test_Cevennes2.ppm.ppm,1,640,480
Test_Chart_pulinco_PNGOUT.ppm.ppm,0,1122,720
Test_chart2_PNGOUT.ppm.ppm,0,978,690
Test_ChartBuilder_PNGOUT.ppm.ppm,0,802,718
Test_chinook.ppm.ppm,1,768,512
Test_ciudad-2_0.png.ppm,0,592,840
Test_coffee2-216x300.png.ppm,0,216,300
Test_colours-10.ppm.ppm,1,1420,930
Test_colours-an5.ppm.ppm,1,1420,930
Test_computer-301.ppm.ppm,1,1420,930
Test_computer-309.ppm.ppm,1,1420,930
Test_Cone-response.ppm.ppm,0,550,346
Test_construction-06.ppm.ppm,1,1420,934
Test_construction-g6vr.ppm.ppm,1,1420,930
Test_construction-w7xq.ppm.ppm,1,1420,930
Test_corn-j7z2.ppm.ppm,1,1420,940
Test_couple.ppm.ppm,1,256,256
Test_cover07_img10.png.ppm,0,1024,1024
Test_crowd-people-g3ky.ppm.ppm,1,1420,930
Test_cubeiccp_PNGOUT.ppm.ppm,0,600,400
Test_cwheel.ppm.ppm,0,800,600
Test_DarkWorld.ppm.ppm,0,4096,4096
Test_demos_explorer_PNGOUT.ppm.ppm,0,1026,772
Test_demos_gift-demo_PNGOUT.ppm.ppm,0,1026,756
Test_Desert_landscape.png.ppm,1,1024,768
Test_dev.ppm.ppm,0,800,618
Test_diabolik_001.png.ppm,0,280,288
Test_diabolik_002.png.ppm,0,800,464
Test_Diabolik_animato.png.ppm,0,582,474
Test_didle_PNGOUT.ppm.ppm,0,750,944
Test_disneyBMP.png.ppm,0,1024,768
Test_door-e5f8.ppm.ppm,1,1420,936
Test_dumper.png.ppm,0,322,298
Test_eagle.ppm.ppm,1,248,188
Test_ecb_berlin_07t.png.ppm,0,1022,724
Test_ecb_ny_89t.png.ppm,0,1022,722
Test_ecb-assembler-17t-1.png.ppm,0,1280,860
Test_europa_karte_de_PNGOUT.ppm.ppm,0,1200,1000
Test_Facade.ppm.ppm,1,1850,2160
Test_face1.ppm.ppm,1,800,600
Test_Farbkreis_Itten_1961.png.ppm,0,340,340
Test_favicons_large_PNGOUT.ppm.ppm,0,918,568
Test_flaggen_580x2500_PNGOUT.ppm.ppm,0,304,608
Test_flowers-k5cq.ppm.ppm,1,1420,930
Test_flowers-y02o.ppm.ppm,1,1420,930
Test_fragerance1.png.ppm,0,652,502
Test_FRD-Bonn-20s-882x623.ppm.ppm,0,882,622
Test_Gem-BMP_1000.png.ppm,1,300,328
Test_gg.ppm.ppm,1,480,640
Test_girl.ppm.ppm,1,512,512
Test_girl1.ppm.ppm,1,256,256
Test_grey-leaves-1g7u_small.ppm.ppm,1,180,116
Test_Hangeul.ppm.ppm,0,610,340
Test_happybirds.ppm.ppm,0,414,452
Test_home3.ppm.ppm,1,800,600
Test_home4.ppm.ppm,1,800,600
Test_hp3.ppm.ppm,0,512,512
Test_im1.ppm.ppm,1,256,256
Test_im10.ppm.ppm,1,256,256
Test_im12.ppm.ppm,1,256,256
Test_im14.ppm.ppm,1,256,256
Test_im15.ppm.ppm,1,256,256
Test_im19.ppm.ppm,1,256,256
Test_im2.ppm.ppm,1,256,256
Test_im20.ppm.ppm,1,256,256
Test_im3.ppm.ppm,1,256,256
Test_im4.ppm.ppm,1,256,256
Test_im5.ppm.ppm,1,256,256
Test_im6.ppm.ppm,1,256,256
Test_im7.ppm.ppm,1,256,256
Test_im8.ppm.ppm,1,256,256
Test_ImageConverter.png.ppm,0,1000,720
Test_ImageConverter_1.png.ppm,0,1000,720
Test_img-icons-a-png-official-macosx-leopard-icon-pack-daddy77-17777.ppm.ppm,0,1234,1022
Test_index_abc.png.ppm,0,1830,1366
Test_Jupiter_Earth_Comparison.ppm.ppm,1,800,600
Test_k01.ppm.ppm,1,3072,2048
Test_k02.ppm.ppm,1,3072,2048
Test_k03.ppm.ppm,1,3072,2048
Test_k04.ppm.ppm,1,2048,3072
Test_k05.ppm.ppm,1,3072,2048
Test_k06.ppm.ppm,1,3072,2048
Test_k07.ppm.ppm,1,3072,2048
Test_k08.ppm.ppm,1,3072,2048
Test_k09.ppm.ppm,1,2048,3072
Test_k10.ppm.ppm,1,2048,3072
Test_k11.ppm.ppm,1,3072,2048
Test_k12.ppm.ppm,1,3072,2048
Test_k13.ppm.ppm,1,3072,2048
Test_k14.ppm.ppm,1,3072,2048
Test_k15.ppm.ppm,1,3072,2048
Test_k16.ppm.ppm,1,3072,2048
Test_k17.ppm.ppm,1,2048,3072
Test_k18.ppm.ppm,1,2048,3072
Test_k19.ppm.ppm,1,2048,3072
Test_k20.ppm.ppm,1,3072,2048
Test_k21.ppm.ppm,1,3072,2048
Test_k22.ppm.ppm,1,3072,2048
Test_k23.ppm.ppm,1,3072,2048
Test_k24.ppm.ppm,1,3072,2048
Test_kbm-oslocentralxmas-34t.png.ppm,0,1022,332
Test_keyboard.png.ppm,0,854,480
Test_kodim01.ppm.ppm,1,768,512
Test_kodim02.ppm.ppm,1,768,512
Test_kodim03.ppm.ppm,1,768,512
Test_kodim04.ppm.ppm,1,512,768
Test_kodim05.ppm.ppm,1,768,512
Test_kodim06.ppm.ppm,1,768,512
Test_kodim07.ppm.ppm,1,768,512
Test_kodim08.ppm.ppm,1,768,512
Test_kodim09.ppm.ppm,1,512,768
Test_kodim10.ppm.ppm,1,512,768
Test_kodim11.ppm.ppm,1,768,512
Test_kodim12.ppm.ppm,1,768,512
Test_kodim13.ppm.ppm,1,768,512
Test_kodim14.ppm.ppm,1,768,512
Test_kodim15.ppm.ppm,1,768,512
Test_kodim16.ppm.ppm,1,768,512
Test_kodim17.ppm.ppm,1,512,768
Test_kodim18.ppm.ppm,1,512,768
Test_kodim19.ppm.ppm,1,512,768
Test_kodim20.ppm.ppm,1,768,512
Test_kodim21.ppm.ppm,1,768,512
Test_kodim22.ppm.ppm,1,768,512
Test_kodim23.ppm.ppm,1,768,512
Test_kodim24.ppm.ppm,1,768,512
Test_krb-insertpostersanta-07t.png.ppm,0,608,304
Test_Lady+Gaga+PNG.ppm.ppm,1,500,802
Test_ladybug_landscape.png.ppm,0,1280,1024
Test_lake1.ppm.ppm,1,2592,1944
Test_Landscape.png.ppm,0,2080,750
Test_Landscape_002.png.ppm,0,1282,746
Test_Landscape_Full_HD_by_depARTed89.png.ppm,0,1920,1080
Test_langfristchart_historischer_chart_orangensaft_PNGOUT.ppm.ppm,0,710,486
Test_lawn-v6h3.ppm.ppm,1,1420,930
Test_leaves-12.ppm.ppm,1,1420,930
Test_leaves-6n3y.ppm.ppm,1,1420,930
Test_leaves-kijj7.ppm.ppm,1,1420,930
Test_leaves-mval_small.ppm.ppm,1,180,116
Test_light_world-1_PNGOUT.ppm.ppm,0,4096,4096
Test_Logo_3.png.ppm,0,458,320
Test_lunar-lander.ppm.ppm,1,400,438
Test_macro-765.ppm.ppm,1,1420,930
Test_Map_118230550922074.ppm.ppm,0,894,670
Test_map_vicinity.png.ppm,0,800,884
Test_mcn-cokedublin-43s.png.ppm,0,1846,2802
Test_mediothek_landscape.png.ppm,0,1282,802
Test_meditate_fel_PNGOUT.ppm.ppm,0,3000,2248
Test_Merian-PNG.png.ppm,0,458,600
Test_Michelangelo_David.ppm.ppm,1,544,624
Test_misc-09.ppm.ppm,1,1420,930
Test_MMSposter-large.png.ppm,1,6600,5100
Test_night-379.ppm.ppm,1,1420,930
Test_noir-diabolik-guitar-hommess_design.png.ppm,0,378,378
Test_Nukleationskern_Fluessigkeit.ppm.ppm,0,1500,1500
Test_Oblivion2007101513345379.png.ppm,0,1024,768
Test_Oblivion2007101714023034.png.ppm,0,1024,768
Test_Oblivion2007101714024170.png.ppm,0,1024,768
Test_Oblivion2007101714040018.png.ppm,0,1024,768
Test_o-png24_PNGOUT.ppm.ppm,1,400,400
Test_orm-makeposter2008-14t.png.ppm,0,566,860
Test_P_thin_ext_cor_BlackBodyCT.ppm.ppm,0,824,724
Test_p08_PNGOUT.ppm.ppm,1,2592,1944
Test_party_4s.ppm.ppm,1,1600,1200
Test_pasodoble1.png.ppm,1,1024,832
Test_pasodoble3.png.ppm,1,510,372
Test_pc-z5e2.ppm.ppm,1,1420,930
Test_pebbles.ppm.ppm,1,2592,1944
Test_people-126.ppm.ppm,1,1420,930
Test_periodensystem-1280x887.png.ppm,0,1280,886
Test_pie_charts_3d.ppm.ppm,0,458,350
Test_pixelart3jpg.png.ppm,0,480,630
Test_plant-fol2.ppm.ppm,1,1420,930
Test_png.png.ppm,0,510,316
Test_png-8passes_PNGOUT.ppm.ppm,0,1024,768
Test_png-9passes.ppm.ppm,0,1024,768
Test_png-IceAlpha-ie5mac.ppm.ppm,0,1018,742
Test_police.png.ppm,0,454,340
Test_prismIcon.png.ppm,0,440,300
Test_PT_babeltower_01t1.png.ppm,0,522,674
Test_PTHNWIDE_WaveletsGamma_LVGamp16Contp8.ppm.ppm,0,1000,900
Test_puzzle-p7z.ppm.ppm,1,1420,930
Test_pzbr11_0.16.10_PNGOUT.ppm.ppm,1,1680,1050
Test_rapeseed-z83.ppm.ppm,1,1420,930
Test_reactos_0.3.1_booklet_cover.png.ppm,0,1990,1542
Test_reba.ppm.ppm,1,608,562
Test_redhead.ppm.ppm,1,866,764
Test_roof-uh8k.ppm.ppm,1,1420,930
Test_rope-239.ppm.ppm,1,1420,930
Test_rubbish-water-2ju8.ppm.ppm,1,1420,930
Test_satellite.ppm.ppm,0,640,480
Test_saturn.ppm.ppm,1,640,480
Test_save-png-dialog.png.ppm,0,354,356
Test_ScreenShot37.png.ppm,0,1024,768
Test_ScreenShot39.png.ppm,0,1024,768
Test_seagull.ppm.ppm,1,734,486
Test_server.ppm.ppm,1,2592,1944
Test_shadow.ppm.ppm,1,2592,1944
Test_ship.rgb.ppm.ppm,1,1280,1024
Test_soft-drinks-7z2.ppm.ppm,1,1420,930
Test_soldier_x.png.ppm,0,684,610
Test_Splenda-povray.ppm.ppm,0,1024,768
Test_Spring1887.ppm.ppm,0,408,518
Test_steamtrain.ppm.ppm,1,320,240
Test_stocksch√ºtze.png.ppm,0,512,410
Test_stone-i9sv.ppm.ppm,1,1420,930
Test_stones-cairns-76.ppm.ppm,1,1420,930
Test_stones-dx68.ppm.ppm,1,1420,930
Test_stones-g7x9.ppm.ppm,1,1420,930
Test_stones-t8c3.ppm.ppm,1,1420,930
Test_sunflower.ppm.ppm,1,456,418
Test_sunset3.ppm.ppm,1,2592,1944
Test_supersexygirls-pack-2.png.ppm,0,750,944
Test_SXI_20060706_151118162_AA_13_first.ppm.ppm,0,652,528
Test_tajmahal.ppm.ppm,0,320,200
Test_tangoIcons.png.ppm,0,482,304
Test_Tectonic_plates.png.ppm,0,4150,2832
Test_text.ppm.ppm,0,800,806
Test_texture-009.ppm.ppm,1,1416,930
Test_TF3D_Landscape.png.ppm,0,640,480
Test_The_Earth_seen_from_Apollo_17_PNGOUT.ppm.ppm,1,1860,1898
Test_The+Saturdays+Better+Quality+in+PNG.ppm.ppm,1,410,380
Test_The+Veronicas+PNG.ppm.ppm,1,500,664
Test_TIC_Wallpaper001.png.ppm,0,1294,1024
Test_tiger.ppm.ppm,1,330,222
Test_tree-32.ppm.ppm,1,1420,930
Test_tree-794.ppm.ppm,1,1420,930
Test_tree-flowers-u6v.ppm.ppm,1,1420,930
Test_tux-agafix.png.ppm,0,1200,1640
Test_Universe_expansion.png.ppm,0,480,480
Test_wallpaper_oceanfreight_1280x960.ppm.ppm,1,1280,960
Test_wallpaper_railfreight_1280x960.ppm.ppm,1,1280,960
Test_water-08.ppm.ppm,1,1420,930
Test_water-dx3d.ppm.ppm,1,1420,930
Test_water-ual1.ppm.ppm,1,1420,930
Test_water-uv5k.ppm.ppm,1,1420,930
Test_WEBDESIGNER_ISSUE_100.png.ppm,0,674,872
Test_Wikispecies-logo.ppm.ppm,0,940,1102
Test_window1.ppm.ppm,1,1944,2592
Test_winkler-gnu-blue.png.ppm,0,1280,800
Test_WMAP_2008.ppm.ppm,0,4096,2048
Test_wolf.ppm.ppm,1,536,360
Test_woman.rgb.ppm.ppm,1,2048,2560
Test_woodgrove_PNGOUT.ppm.ppm,0,1148,852
Test_Xcode_Shortcuts.ppm.ppm,0,2088,2160
Test_Xcode_Shortcuts_B_W.ppm.ppm,0,2088,2160
Test_zoo-016.ppm.ppm,1,1420,930
DMC-TZ5_PPM_cherry_blossom_2048x1536.ppm.ppm,1,2048,1536
DMC-TZ5_PPM_cherry_blossom_2560x1920.ppm.ppm,1,2560,1920
DMC-TZ5_PPM_cherry_blossom_3456x2592.ppm.ppm,1,3456,2592
DMC-TZ5_PPM_cow_2048x1536.ppm.ppm,1,2048,1536
DMC-TZ5_PPM_cow_2560x1920.ppm.ppm,1,2560,1920
DMC-TZ5_PPM_cow_640x480.ppm.ppm,1,640,480
DMC-TZ5_PPM_im_0001.ppm.ppm,1,2560,1920
DMC-TZ5_PPM_im_0002.ppm.ppm,1,2560,1920
DMC-TZ5_PPM_im_0003.ppm.ppm,1,2560,1920
DMC-TZ5_PPM_im_0004.ppm.ppm,1,1920,2560
DMC-TZ5_PPM_im_0005.ppm.ppm,1,2560,1920
DMC-TZ5_PPM_im_0006.ppm.ppm,1,2560,1712
DMC-TZ5_PPM_im_0007.ppm.ppm,1,2560,1920
DMC-TZ5_PPM_im_0008.ppm.ppm,1,2560,1920
DMC-TZ5_PPM_im_0009.ppm.ppm,1,1920,2560
DMC-TZ5_PPM_im_0010.ppm.ppm,1,1920,2560
DMC-TZ5_PPM_im_0011.ppm.ppm,1,1920,2560
DMC-TZ5_PPM_im_0012.ppm.ppm,1,2560,1920
DMC-TZ5_PPM_im_0013.ppm.ppm,1,1920,2560
DMC-TZ5_PPM_im_0014.ppm.ppm,1,2560,1920
DMC-TZ5_PPM_im_0015.ppm.ppm,1,2560,1920
DMC-TZ5_PPM_im_0016.ppm.ppm,1,2560,1712
DMC-TZ5_PPM_im_0017.ppm.ppm,1,848,480
DMC-TZ5_PPM_im_0018.ppm.ppm,1,2560,1712
DMC-TZ5_PPM_im_0019.ppm.ppm,1,2560,1920
DMC-TZ5_PPM_im_0020.ppm.ppm,1,2560,1920
DMC-TZ5_PPM_im_0021.ppm.ppm,1,2560,1920
DMC-TZ5_PPM_im_0022.ppm.ppm,1,2560,1920
DMC-TZ5_PPM_im_0023.ppm.ppm,1,2560,1440
DMC-TZ5_PPM_im_0024.ppm.ppm,1,640,480
DMC-TZ5_PPM_im_0025.ppm.ppm,1,640,480
DMC-TZ5_PPM_im_0026.ppm.ppm,1,640,480
DMC-TZ5_PPM_im_0027.ppm.ppm,1,480,640
DMC-TZ5_PPM_im_0028.ppm.ppm,1,640,480
DMC-TZ5_PPM_im_0029.ppm.ppm,1,1600,1200
DMC-TZ5_PPM_im_0030.ppm.ppm,1,2048,1536
DMC-TZ5_PPM_im_0031.ppm.ppm,1,2048,1360
DMC-TZ5_PPM_im_0032.ppm.ppm,1,2048,1360
DMC-TZ5_PPM_im_0033.ppm.ppm,1,1200,1600
DMC-TZ5_PPM_im_0034.ppm.ppm,1,1200,1600
DMC-TZ5_PPM_im_0035.ppm.ppm,1,1600,1200
DMC-TZ5_PPM_im_0036.ppm.ppm,1,640,480
DMC-TZ5_PPM_im_0037.ppm.ppm,1,640,480
DMC-TZ5_PPM_im_0038.ppm.ppm,1,640,480
DMC-TZ5_PPM_im_0039.ppm.ppm,1,640,480
DMC-TZ5_PPM_im_0040.ppm.ppm,1,1360,2048
DMC-TZ5_PPM_im_0041.ppm.ppm,1,640,480
DMC-TZ5_PPM_im_0042.ppm.ppm,1,640,480
DMC-TZ5_PPM_im_0043.ppm.ppm,1,640,480
DMC-TZ5_PPM_im_0044.ppm.ppm,1,640,480
DMC-TZ5_PPM_im_0045.ppm.ppm,1,640,480
DMC-TZ5_PPM_im_0046.ppm.ppm,1,640,480
DMC-TZ5_PPM_im_0047.ppm.ppm,1,640,480
DMC-TZ5_PPM_im_0048.ppm.ppm,1,640,480
DMC-TZ5_PPM_im_0049.ppm.ppm,1,640,480
DMC-TZ5_PPM_im_0050.ppm.ppm,1,640,480
DMC-TZ5_PPM_im_0051.ppm.ppm,1,640,480
DMC-TZ5_PPM_im_0052.ppm.ppm,1,640,480
DMC-TZ5_PPM_im_0053.ppm.ppm,1,640,480
DMC-TZ5_PPM_im_0054.ppm.ppm,1,640,480
DMC-TZ5_PPM_im_0055.ppm.ppm,1,640,480
DMC-TZ5_PPM_im_0056.ppm.ppm,1,640,480
DMC-TZ5_PPM_im_0057.ppm.ppm,1,640,480
DMC-TZ5_PPM_im_0058.ppm.ppm,1,640,480
DMC-TZ5_PPM_im_0059.ppm.ppm,1,640,480
DMC-TZ5_PPM_im_0060.ppm.ppm,1,640,480
DMC-TZ5_PPM_im_0061.ppm.ppm,1,640,480
DMC-TZ5_PPM_im_0062.ppm.ppm,1,640,480
DMC-TZ5_PPM_im_0063.ppm.ppm,1,640,480
DMC-TZ5_PPM_im_0064.ppm.ppm,1,640,480
DMC-TZ5_PPM_im_0065.ppm.ppm,1,640,480
DMC-TZ5_PPM_im_0066.ppm.ppm,1,640,480
DMC-TZ5_PPM_im_0067.ppm.ppm,1,640,480
DMC-TZ5_PPM_im_0068.ppm.ppm,1,480,640
DMC-TZ5_PPM_im_0069.ppm.ppm,1,640,480
DMC-TZ5_PPM_im_0070.ppm.ppm,1,640,480
DMC-TZ5_PPM_im_0071.ppm.ppm,1,640,480
DMC-TZ5_PPM_im_0072.ppm.ppm,1,640,480
DMC-TZ5_PPM_im_0073.ppm.ppm,1,640,480
DMC-TZ5_PPM_im_0074.ppm.ppm,1,640,480
DMC-TZ5_PPM_im_0075.ppm.ppm,1,640,480
DMC-TZ5_PPM_im_0076.ppm.ppm,1,640,480
DMC-TZ5_PPM_im_0077.ppm.ppm,1,640,480
DMC-TZ5_PPM_im_0078.ppm.ppm,1,640,480
DMC-TZ5_PPM_im_0079.ppm.ppm,1,640,480
DMC-TZ5_PPM_im_0080.ppm.ppm,1,640,480
DMC-TZ5_PPM_im_0081.ppm.ppm,1,640,480
DMC-TZ5_PPM_im_0082.ppm.ppm,1,640,480
DMC-TZ5_PPM_im_0083.ppm.ppm,1,640,480
DMC-TZ5_PPM_im_0084.ppm.ppm,1,640,480
DMC-TZ5_PPM_im_0085.ppm.ppm,1,640,480
DMC-TZ5_PPM_im_0086.ppm.ppm,1,640,480
DMC-TZ5_PPM_im_0087.ppm.ppm,1,640,480
DMC-TZ5_PPM_im_0088.ppm.ppm,1,640,480
DMC-TZ5_PPM_im_0089.ppm.ppm,1,640,480
DMC-TZ5_PPM_im_0090.ppm.ppm,1,1360,2048
DMC-TZ5_PPM_im_0091.ppm.ppm,1,2048,1360
DMC-TZ5_PPM_im_0092.ppm.ppm,1,2048,1360
DMC-TZ5_PPM_im_0093.ppm.ppm,1,2048,1360
DMC-TZ5_PPM_im_0094.ppm.ppm,1,1360,2048
DMC-TZ5_PPM_im_0095.ppm.ppm,1,640,480
DMC-TZ5_PPM_im_0096.ppm.ppm,1,480,640
DMC-TZ5_PPM_im_0097.ppm.ppm,1,1200,1600
DMC-TZ5_PPM_im_0098.ppm.ppm,1,1536,2048
DMC-TZ5_PPM_im_0099.ppm.ppm,1,2048,1536
DMC-TZ5_PPM_im_0100.ppm.ppm,1,1536,2048
DMC-TZ5_PPM_im_0101.ppm.ppm,1,1536,2048
DMC-TZ5_PPM_im_0102.ppm.ppm,1,2048,1536
DMC-TZ5_PPM_im_0103.ppm.ppm,1,1920,2560
DMC-TZ5_PPM_im_0104.ppm.ppm,1,1600,1200
DMC-TZ5_PPM_im_0105.ppm.ppm,1,1200,1600
DMC-TZ5_PPM_im_0106.ppm.ppm,1,1600,1200
DMC-TZ5_PPM_im_0107.ppm.ppm,1,1600,1200
DMC-TZ5_PPM_im_0108.ppm.ppm,1,1920,1080
DMC-TZ5_PPM_im_0109.ppm.ppm,1,1536,2048
DMC-TZ5_PPM_im_0110.ppm.ppm,1,2048,1536
DMC-TZ5_PPM_im_0111.ppm.ppm,1,2592,3456
DMC-TZ5_PPM_im_0112.ppm.ppm,1,2048,1536
DMC-TZ5_PPM_im_0113.ppm.ppm,1,1536,2048
DMC-TZ5_PPM_im_0114.ppm.ppm,1,1536,2048
DMC-TZ5_PPM_im_0115.ppm.ppm,1,2048,1536
DMC-TZ5_PPM_im_0116.ppm.ppm,1,2048,1536
DMC-TZ5_PPM_im_0117.ppm.ppm,1,2048,1536
DMC-TZ5_PPM_im_0118.ppm.ppm,1,2048,1536
DMC-TZ5_PPM_im_0119.ppm.ppm,1,2048,1536
DMC-TZ5_PPM_im_0120.ppm.ppm,1,1536,2048
DMC-TZ5_PPM_im_0121.ppm.ppm,1,1536,2048
DMC-TZ5_PPM_im_0122.ppm.ppm,1,1536,2048
DMC-TZ5_PPM_im_0123.ppm.ppm,1,1536,2048
DMC-TZ5_PPM_im_0124.ppm.ppm,1,1536,2048
DMC-TZ5_PPM_im_0125.ppm.ppm,1,1536,2048
DMC-TZ5_PPM_im_0126.ppm.ppm,1,2048,1536
DMC-TZ5_PPM_im_0127.ppm.ppm,1,2048,1536
DMC-TZ5_PPM_im_0128.ppm.ppm,1,2048,1536
DMC-TZ5_PPM_im_0129.ppm.ppm,1,2048,1536
DMC-TZ5_PPM_im_0130.ppm.ppm,1,640,480
DMC-TZ5_PPM_im_0131.ppm.ppm,1,2048,1536
DMC-TZ5_PPM_im_0132.ppm.ppm,1,2048,1536
DMC-TZ5_PPM_im_0133.ppm.ppm,1,2592,3456
DMC-TZ5_PPM_im_0134.ppm.ppm,1,2592,3456
DMC-TZ5_PPM_im_0135.ppm.ppm,1,2048,1536
DMC-TZ5_PPM_im_0136.ppm.ppm,1,1536,2048
DMC-TZ5_PPM_im_0137.ppm.ppm,1,2048,1536
DMC-TZ5_PPM_im_0138.ppm.ppm,1,2048,1536
DMC-TZ5_PPM_im_0139.ppm.ppm,1,1080,1920
DMC-TZ5_PPM_im_0140.ppm.ppm,1,2048,1536
DMC-TZ5_PPM_im_0141.ppm.ppm,1,2048,1536
DMC-TZ5_PPM_im_0142.ppm.ppm,1,1920,1080
DMC-TZ5_PPM_im_0143.ppm.ppm,1,1920,1080
DMC-TZ5_PPM_im_0144.ppm.ppm,1,1920,1080
DMC-TZ5_PPM_im_0145.ppm.ppm,1,1920,1080
DMC-TZ5_PPM_im_0146.ppm.ppm,1,1080,1920
DMC-TZ5_PPM_im_0147.ppm.ppm,1,1920,1080
DMC-TZ5_PPM_im_0148.ppm.ppm,1,2048,1536
DMC-TZ5_PPM_im_0149.ppm.ppm,1,1080,1920
DMC-TZ5_PPM_im_0150.ppm.ppm,1,1536,2048
DMC-TZ5_PPM_im_0151.ppm.ppm,1,2048,1536
DMC-TZ5_PPM_im_0152.ppm.ppm,1,1080,1920
DMC-TZ5_PPM_im_0153.ppm.ppm,1,1080,1920
DMC-TZ5_PPM_im_0154.ppm.ppm,1,1536,2048
DMC-TZ5_PPM_im_0155.ppm.ppm,1,1536,2048
DMC-TZ5_PPM_im_0156.ppm.ppm,1,1920,1080
DMC-TZ5_PPM_im_0157.ppm.ppm,1,1920,1080
DMC-TZ5_PPM_im_0158.ppm.ppm,1,1536,2048
DMC-TZ5_PPM_im_0159.ppm.ppm,1,1536,2048
DMC-TZ5_PPM_im_0160.ppm.ppm,1,2048,1536
DMC-TZ5_PPM_im_0161.ppm.ppm,1,2048,1536
DMC-TZ5_PPM_im_0162.ppm.ppm,1,1536,2048
DMC-TZ5_PPM_im_0163.ppm.ppm,1,2048,1536
DMC-TZ5_PPM_im_0164.ppm.ppm,1,1920,1080
DMC-TZ5_PPM_im_0165.ppm.ppm,1,2048,1536
DMC-TZ5_PPM_im_0166.ppm.ppm,1,1536,2048
DMC-TZ5_PPM_im_0167.ppm.ppm,1,1536,2048
DMC-TZ5_PPM_im_0168.ppm.ppm,1,2048,1536
DMC-TZ5_PPM_im_0169.ppm.ppm,1,2048,1536
DMC-TZ5_PPM_im_0170.ppm.ppm,1,1920,1080
DMC-TZ5_PPM_im_0171.ppm.ppm,1,1536,2048
DMC-TZ5_PPM_im_0172.ppm.ppm,1,2048,1536
DMC-TZ5_PPM_im_0173.ppm.ppm,1,2048,1536
DMC-TZ5_PPM_im_0174.ppm.ppm,1,1536,2048
DMC-TZ5_PPM_im_0175.ppm.ppm,1,2048,1536
DMC-TZ5_PPM_im_0176.ppm.ppm,1,2048,1536
DMC-TZ5_PPM_im_0177.ppm.ppm,1,1536,2048
DMC-TZ5_PPM_im_0178.ppm.ppm,1,2048,1536
DMC-TZ5_PPM_im_0179.ppm.ppm,1,1536,2048
DMC-TZ5_PPM_im_0180.ppm.ppm,1,1536,2048
DMC-TZ5_PPM_im_0181.ppm.ppm,1,2048,1536
DMC-TZ5_PPM_im_0182.ppm.ppm,1,2048,1536
DMC-TZ5_PNG_actress_1.png.ppm,1,1288,1936
DMC-TZ5_PNG_actress_2.png.ppm,1,1288,1936
DMC-TZ5_PNG_actress_3.png.ppm,1,1936,1288
DMC-TZ5_PNG_bark.png.ppm,1,2048,1536
DMC-TZ5_PNG_basket.png.ppm,1,2048,1536
DMC-TZ5_PNG_black_cat.png.ppm,1,2048,1536
DMC-TZ5_PNG_blossom_1.png.ppm,1,1536,2048
DMC-TZ5_PNG_blossom_2.png.ppm,1,2560,1440
DMC-TZ5_PNG_blossom_3.png.ppm,1,2048,1536
DMC-TZ5_PNG_blossom_4.png.ppm,1,2048,1536
DMC-TZ5_PNG_blossom_5.png.ppm,1,1536,2048
DMC-TZ5_PNG_blossom_6.png.ppm,1,2048,1536
DMC-TZ5_PNG_blossom_7.png.ppm,1,1936,1288
DMC-TZ5_PNG_blue_helmet.png.ppm,1,2048,1536
DMC-TZ5_PNG_broom_1.png.ppm,1,2560,1440
DMC-TZ5_PNG_broom_2.png.ppm,1,1536,2048
DMC-TZ5_PNG_bucket.png.ppm,1,2048,1536
DMC-TZ5_PNG_butterfly_1.png.ppm,1,1936,1288
DMC-TZ5_PNG_butterfly_2.png.ppm,1,1936,1288
DMC-TZ5_PNG_butterfly_3.png.ppm,1,1936,1288
DMC-TZ5_PNG_canvas_1.png.ppm,1,2048,1536
DMC-TZ5_PNG_canvas_2.png.ppm,1,2048,1536
DMC-TZ5_PNG_chinese_lantern.png.ppm,1,1024,768
DMC-TZ5_PNG_chute.png.ppm,1,1440,2560
DMC-TZ5_PNG_composition.png.ppm,1,2048,1536
DMC-TZ5_PNG_crystals.png.ppm,1,2048,1536
DMC-TZ5_PNG_dots.png.ppm,1,2048,1536
DMC-TZ5_PNG_fabric_1.png.ppm,1,2048,1536
DMC-TZ5_PNG_fabric_2.png.ppm,1,2048,1536
DMC-TZ5_PNG_fleece.png.ppm,1,1536,2048
DMC-TZ5_PNG_glass_pane.png.ppm,1,2048,1536
DMC-TZ5_PNG_glas_coloured_1.png.ppm,1,2048,1536
DMC-TZ5_PNG_glas_coloured_2.png.ppm,1,1920,1080
DMC-TZ5_PNG_glas_coloured_3.png.ppm,1,1080,1920
DMC-TZ5_PNG_glas_coloured_4.png.ppm,1,2048,1536
DMC-TZ5_PNG_glas_coloured_5.png.ppm,1,1536,2048
DMC-TZ5_PNG_glas_coloured_6.png.ppm,1,2048,1536
DMC-TZ5_PNG_green_wheel_1.png.ppm,1,2048,1536
DMC-TZ5_PNG_green_wheel_2.png.ppm,1,2048,1536
DMC-TZ5_PNG_grill_bag.png.ppm,1,1536,2048
DMC-TZ5_PNG_guitar_detail.png.ppm,1,1536,2048
DMC-TZ5_PNG_guitar_knobs.png.ppm,1,2048,1536
DMC-TZ5_PNG_guitar_label.png.ppm,1,2048,1536
DMC-TZ5_PNG_guitar_strings.png.ppm,1,1920,1080
DMC-TZ5_PNG_hedgehog.png.ppm,1,1536,2048
DMC-TZ5_PNG_keyhole.png.ppm,1,1536,2048
DMC-TZ5_PNG_knob.png.ppm,1,1024,768
DMC-TZ5_PNG_lemon.png.ppm,1,2048,1536
DMC-TZ5_PNG_lemon2.png.ppm,1,2048,1536
DMC-TZ5_PNG_ornament_painted.png.ppm,1,1536,2048
DMC-TZ5_PNG_parquet.png.ppm,1,2048,1536
DMC-TZ5_PNG_pegs.png.ppm,1,2048,1536
DMC-TZ5_PNG_pegs_basket_1.png.ppm,1,2048,1536
DMC-TZ5_PNG_pegs_basket_2.png.ppm,1,2048,1536
DMC-TZ5_PNG_plant.png.ppm,1,1536,2048
DMC-TZ5_PNG_plastic_1.png.ppm,1,2048,1536
DMC-TZ5_PNG_plastic_2.png.ppm,1,2048,1536
DMC-TZ5_PNG_plastic_3.png.ppm,1,1080,1920
DMC-TZ5_PNG_pottery.png.ppm,1,2048,1536
DMC-TZ5_PNG_pottery2.png.ppm,1,2048,1536
DMC-TZ5_PNG_power_plant_1.png.ppm,1,1288,1936
DMC-TZ5_PNG_power_plant_2.png.ppm,1,1936,1288
DMC-TZ5_PNG_rake.png.ppm,1,2048,1536
DMC-TZ5_PNG_red_candle.png.ppm,1,2048,1536
DMC-TZ5_PNG_red_wall.png.ppm,1,1536,2048
DMC-TZ5_PNG_reflector_1.png.ppm,1,1920,1080
DMC-TZ5_PNG_reflector_2.png.ppm,1,2048,1536
DMC-TZ5_PNG_saddle.png.ppm,1,1920,1080
DMC-TZ5_PNG_sere_leaves.png.ppm,1,2048,1536
DMC-TZ5_PNG_sheep_wool.png.ppm,1,2048,1536
DMC-TZ5_PNG_shrub.png.ppm,1,2048,1536
DMC-TZ5_PNG_sky.png.ppm,1,2048,1536
DMC-TZ5_PNG_spade.png.ppm,1,1536,2048
DMC-TZ5_PNG_spots.png.ppm,1,2048,1536
DMC-TZ5_PNG_stain.png.ppm,1,2048,1536
DMC-TZ5_PNG_stewart_tartan.png.ppm,1,2048,1536
DMC-TZ5_PNG_stewart_tartan_2.png.ppm,1,2048,1536
DMC-TZ5_PNG_stitching.png.ppm,1,1782,608
DMC-TZ5_PNG_striped_cats.png.ppm,1,1936,1288
DMC-TZ5_PNG_stroller.png.ppm,1,2048,1536
DMC-TZ5_PNG_surface_1.png.ppm,1,1536,2048
DMC-TZ5_PNG_surface_2.png.ppm,1,1024,768
DMC-TZ5_PNG_surface_3.png.ppm,1,2048,1536
DMC-TZ5_PNG_surface_4.png.ppm,1,1024,768
DMC-TZ5_PNG_tiles_1.png.ppm,1,2048,1536
DMC-TZ5_PNG_tiles_2.png.ppm,1,2048,1536
DMC-TZ5_PNG_toys_1.png.ppm,1,1024,768
DMC-TZ5_PNG_tulips_1.png.ppm,1,2048,1536
DMC-TZ5_PNG_tulips_2.png.ppm,1,1536,2048
DMC-TZ5_PNG_tulips_3.png.ppm,1,2048,1536
DMC-TZ5_PNG_vader.png.ppm,1,2048,1536
DMC-TZ5_PNG_watch.png.ppm,1,2560,1440
DMC-TZ5_PNG_wood.png.ppm,1,512,384
DMC-TZ5_PNG_wooden_box.png.ppm,1,2048,1536
DMC-TZ5_PNG_wooden_chekker_1.png.ppm,1,2048,1536
DMC-TZ5_PNG_wooden_chekker_2.png.ppm,1,2560,1440
DMC-TZ5_PNG_wooden_ornament_1.png.ppm,1,384,512
DMC-TZ5_PNG_wooden_ornament_2.png.ppm,1,2048,1536
DMC-TZ5_PNG_wooden_ornament_3.png.ppm,1,512,384
DMC-TZ5_PNG_wood_2.png.ppm,1,1536,2048
DMC-TZ5_PNG_wood_cut.png.ppm,1,1536,2048
DMC-TZ5_PNG_yellow_orchid.png.ppm,1,2048,1536
Science_PNG_06-1986-dibias-science-art-41.png.ppm,0,1024,1010
Science_PNG_2175x3075-ortho-green.png.ppm,0,2174,3074
Science_PNG_3047354.png.ppm,0,600,584
Science_PNG_3975590069_7d5e05207e_o.png.ppm,0,532,800
Science_PNG_408px-Killersudoku_color.png.ppm,0,408,408
Science_PNG_4249587213_e0b0f99bcc_o.png.ppm,0,800,532
Science_PNG_4506830830_243f2630fb_o.png.ppm,0,800,532
Science_PNG_5colors.png.ppm,0,546,550
Science_PNG_6061621.png.ppm,0,620,400
Science_PNG_73755.png.ppm,0,800,800
Science_PNG_800px-Solitaire_01.png.ppm,0,800,582
Science_PNG_ACTIN.png.ppm,0,464,392
Science_PNG_Alvarez_science_path.png.ppm,0,534,434
Science_PNG_apple-world-aquagraph-16074.png.ppm,0,1280,1024
Science_PNG_Art-Print-378-Purples-Reds-color-on-white.png.ppm,0,650,650
Science_PNG_article-0-0B9771B500000578-590_634x418.png.ppm,0,634,418
Science_PNG_artifacts-6.png.ppm,0,462,334
Science_PNG_b001793kf7.png.ppm,0,800,602
Science_PNG_b001793kf8.png.ppm,0,800,504
Science_PNG_benzene-homo-glsl-xray-cryos.png.ppm,0,676,590
Science_PNG_benzene-homo-glsl-xray1.png.ppm,0,676,590
Science_PNG_Best-Science-Images-2007-I-science-news-653287_461_615.png.ppm,0,460,614
Science_PNG_Best-Science-Images-2007-II-science-news-653313_461_404.png.ppm,0,460,404
Science_PNG_Blood-Sucking-Moths-science-news-2696550-468-258.png.ppm,0,468,258
"Science_PNG_C0017942-Normal_brain,_3D_CT_scan-SPL.png.ppm",0,512,512
Science_PNG_chapm-natphot-sug2.png.ppm,0,2480,3508
Science_PNG_circuit-board.png.ppm,0,856,868
Science_PNG_clockwork-4.png.ppm,0,378,472
Science_PNG_computer-science-ultimate.png.ppm,0,750,552
Science_PNG_computerized-tomography-us-heatmap.png.ppm,0,680,490
Science_PNG_computer_science2.png.ppm,0,2448,3264
Science_PNG_convert-pdf-to-bmp.png.ppm,0,500,344
Science_PNG_Cosmology_NEP.png.ppm,0,580,512
Science_PNG_cov-journal-science-prev2-med.png.ppm,0,300,404
Science_PNG_dc7b126a-20f9-4569-bfd4-ce10defa335d_1.png.ppm,0,360,480
Science_PNG_detroit20science20center-full.png.ppm,0,684,418
Science_PNG_en-14-ehr-comment-numeric-medical-document.png.ppm,0,1000,674
Science_PNG_F1_large.png.ppm,0,1202,1054
Science_PNG_F1_medium.png.ppm,0,440,408
Science_PNG_F6_medium.png.ppm,0,440,256
Science_PNG_fig15.png.ppm,0,446,324
Science_PNG_fig2_howe.pg47.png.ppm,0,524,286
Science_PNG_fusion-pet-mri-ct-2.png.ppm,0,500,302
Science_PNG_ga-high-10.png.ppm,0,460,462
Science_PNG_g_black_hole.png.ppm,0,394,248
Science_PNG_high-frequency-mobile-x-ray-camera.png.ppm,0,400,250
Science_PNG_hyades_mosaic.png.ppm,0,452,450
Science_PNG_hyades_mosaic_color.png.ppm,0,452,450
Science_PNG_hyades_n.png.ppm,0,500,476
Science_PNG_I-love-science1024x768.png.ppm,0,1024,768
Science_PNG_img41.png.ppm,0,634,450
Science_PNG_img_aboutUS.png.ppm,0,260,194
Science_PNG_inline-graphic-1.png.ppm,0,440,440
Science_PNG_institute_of_cognitive_science_osnabrueck_0_standard.png.ppm,0,354,354
Science_PNG_InVivoTarget1.png.ppm,0,476,662
Science_PNG_jones_street.png.ppm,0,306,292
Science_PNG_jones_street_2.png.ppm,0,374,372
Science_PNG_josephs_coat_of_many_colours-dennis_brown-joe_gibbs-jgml-6008a.png.ppm,0,700,704
Science_PNG_laser_scanning_tomography.png.ppm,0,302,360
Science_PNG_life_science.png.ppm,0,578,254
Science_PNG_logo-pflegetag-gross-rgb-bmp.png.ppm,0,1080,970
Science_PNG_logo.BMP.png.ppm,0,640,480
Science_PNG_M0025_kappaxray_error.png.ppm,0,548,442
Science_PNG_M2100102-Colour_SPECT_scan_of_brain_during_migraine_attack-SPL.png.ppm,0,480,530
Science_PNG_M2400146-False-colour_CT_scan_of_a_head_showing_nasal_polyp-SPL.png.ppm,0,530,384
Science_PNG_mad-scientist-clipart.png.ppm,0,490,514
Science_PNG_medical2.png.ppm,0,326,280
Science_PNG_MICFig-121.png.ppm,0,442,314
Science_PNG_MICFig-122.png.ppm,0,486,426
Science_PNG_Micromega-science-news-653372_1280_960.png.ppm,0,1280,960
Science_PNG_Microscopic_Images_3.png.ppm,0,464,336
Science_PNG_MITP_USA_2008DEC_tomography_IDV_western_US_2_isosurfaces_planView_300km.png.ppm,0,946,856
Science_PNG_ncat_fig7.8.png.ppm,0,850,680
Science_PNG_New-Science.png.ppm,0,1024,1024
Science_PNG_nqueens.png.ppm,0,242,246
Science_PNG_observatory.png.ppm,0,374,492
Science_PNG_p-radiologist-art1_1467422c.png.ppm,0,460,288
Science_PNG_PetHoerr.png.ppm,0,1114,824
Science_PNG_physics.png.ppm,0,738,586
Science_PNG_PLOSMapOfScience.png.ppm,0,1000,952
Science_PNG_Portal_2_Potatoe_Science_Kit.png.ppm,0,600,418
Science_PNG_PP_Medical_Dispenser.png.ppm,0,1280,720
Science_PNG_PP_Skull.png.ppm,0,1280,720
Science_PNG_Projekt.png.ppm,0,424,282
Science_PNG_RainbowRoad-double-150.png.ppm,0,1240,1752
Science_PNG_RAY-COLOR-3D_1328655128.png.ppm,0,1920,1200
Science_PNG_rumpelklas.png.ppm,0,416,504
Science_PNG_RXJ0852-46X.png.ppm,0,600,500
Science_PNG_RXJ0852-46_radio.png.ppm,0,540,438
Science_PNG_RX_J0852-4622HESS.png.ppm,0,410,362
Science_PNG_scheimpflug-cameras-for-anterior-segment-tomography-cornea-and-anterior-chamber-422700.png.ppm,0,300,300
Science_PNG_science-driver-projekt_cu5818.png.ppm,0,650,650
Science_PNG_science-fair-project-forum-ad.png.ppm,0,278,280
Science_PNG_science-ie1024x768.png.ppm,0,1024,768
Science_PNG_science-papas-team.png.ppm,0,484,366
Science_PNG_science-tweeps-influence-090422.png.ppm,0,1392,732
Science_PNG_science.png.ppm,0,638,572
Science_PNG_ScienceWeek2010_03.png.ppm,0,500,326
Science_PNG_Science_Busters_for_Kids_one_col.png.ppm,0,636,476
Science_PNG_science_fiction_14.png.ppm,0,1024,768
Science_PNG_science_fiction_18.png.ppm,0,1024,768
Science_PNG_science_fiction_7.png.ppm,0,1600,1200
Science_PNG_science_fiction_9.png.ppm,0,1600,1200
Science_PNG_science_process_diagram_big.png.ppm,0,800,850
Science_PNG_Science_Slam.png.ppm,0,800,566
Science_PNG_science_slam_mai_1330963836.png.ppm,0,1430,1240
Science_PNG_science_teacher.png.ppm,0,302,350
Science_PNG_science_teacher_2.png.ppm,0,490,558
Science_PNG_science_thunder.png.ppm,0,648,466
Science_PNG_Science_Wraps_2010.png.ppm,0,944,788
Science_PNG_sessa_fig3.png.ppm,0,494,486
Science_PNG_Spectroscopic_mapping_speeds_of_the_SPICA_far-IR-instrument.png.ppm,0,1022,766
Science_PNG_spree_250.png.ppm,0,1096,1170
Science_PNG_ss433_natural_colour.png.ppm,0,1150,1150
Science_PNG_stadtplan-california-academy-of-science-1.png.ppm,0,884,600
Science_PNG_stadtplan-museum-of-science-industry-1.png.ppm,0,884,600
Science_PNG_sub-4.png.ppm,0,3000,3000
Science_PNG_SUFig-56.png.ppm,0,518,308
Science_PNG_SUFig-57.png.ppm,0,472,472
Science_PNG_TNCCA.png.ppm,0,352,360
Science_PNG_tomography-1-PN1.png.ppm,0,358,250
Science_PNG_TpyCoS-HOMO-glsl.png.ppm,0,676,590
Science_PNG_truck_01.png.ppm,0,534,248
Science_PNG_tutorial001.png.ppm,0,314,290
Science_PNG_tutorial010.png.ppm,0,700,250
Science_PNG_Vela_frs.png.ppm,0,394,394
Science_PNG_Vela_Jr.png.ppm,0,510,496
Science_PNG_vela_jr_rosat.png.ppm,0,600,268
Science_PNG_WFCAM_JHK_colour-composite_image.png.ppm,0,750,750
Science_PNG_WOBIB_140.png.ppm,0,416,416
Science_PNG_xspecs4_main.png.ppm,0,642,642
Science_PNG_Yang.png.ppm,0,1152,468
Science_PNG_zebrafisch.png.ppm,0,572,416
Science_PNG_Zweiter_Paderborner_Science_Slam_Poster.png.ppm,0,1764,2492
