name,photo
Test__vector-glassy-button-cs-by-dragonart.ppm,0
Test__vector-music-melody-preview_PNGOUT.ppm,0
Test_01-03_rouders_PNGOUT.ppm,0
Test_01PNG-PNGOUTWin_PNGOUT.ppm,0
Test_02_Schluesselfelder_Schiff-PNG.ppm,1
Test_02PNG-PNGOUTWin.ppm,0
Test_03PNG-PNGOUTWin.ppm,0
Test_20_petra_cold_landscape.png,1
Test_20080227053020!Myoglobin_PNGOUT.ppm,0
Test_248080202_731e632c11_o.png,0
Test_275000.ppm,1
Test_275001.ppm,1
Test_275002.ppm,1
Test_275003.ppm,1
Test_275004.ppm,1
Test_275005.ppm,1
Test_275006.ppm,1
Test_275007.ppm,1
Test_275008.ppm,1
Test_275009.ppm,1
Test_2mpampjjpg.png,0
Test_354000.ppm,1
Test_354001.ppm,1
Test_354002.ppm,1
Test_354003.ppm,1
Test_354004.ppm,1
Test_354005.ppm,1
Test_354006.ppm,1
Test_354007.ppm,1
Test_354008.ppm,1
Test_354009.ppm,1
Test_384001.ppm,1
Test_384002.ppm,1
Test_384003.ppm,1
Test_384004.ppm,1
Test_384006.ppm,1
Test_384007.ppm,1
Test_384009.ppm,1
Test_384010.ppm,1
Test_384010-2.ppm,1
Test_384011.ppm,1
Test_500px-Roadmap_to_Unicode_BMP_de.svg.png,0
Test_618px-Speed1c.ppm,0
Test_800px-0849_pilar_ebro_2004.ppm,1
Test_Alexandra+Burke+SUPER+HQ++PNG.ppm,1
Test_architecture-5ao.ppm,1
Test_architecture-7q7.ppm,1
Test_artificial8_full_PNGOUT.ppm,0
Test_Ashton_landscape.png,1
Test_aspens.ppm,1
Test_auto1.ppm,1
Test_balloon.ppm,1
Test_barbara_PNGOUT.ppm,1
Test_barbara2_PNGOUT.ppm,1
Test_battery-6rc0.ppm,1
Test_beach1.ppm,1
Test_beach2.ppm,1
Test_bear.ppm,1
Test_BigBuckBunny-Landscape.png,0
Test_bike.rgb_PNGOUT.ppm,1
Test_bike3.ppm,1
Test_black.ppm,1
Test_BlockMap_Photoshop_PNGOUT.ppm,1
Test_BML_CAT_Chartres_03k_PNGOUT.ppm,0
Test_boots_PNGOUT.ppm,0
Test_Bretagne2.ppm,1
Test_brick.ppm,1
Test_bullfight.ppm,1
Test_BumbleBee_HedKase.ppm,0
Test_cafe.rgb.ppm,1
Test_captured_Image-png_4d60c4b0-7133-4ef8-bbe0-be0e27b0bf29_PNGOUT.ppm,0
Test_carpets-j4h.ppm,1
Test_cathedral.ppm,1
Test_cement.ppm,1
Test_Cevennes1.ppm,1
Test_Cevennes2.ppm,1
Test_Chart_pulinco_PNGOUT.ppm,0
Test_chart2_PNGOUT.ppm,0
Test_ChartBuilder_PNGOUT.ppm,0
Test_chinook.ppm,1
Test_ciudad-2_0.png,0
Test_coffee2-216x300.png,0
Test_colours-10.ppm,1
Test_colours-an5.ppm,1
Test_computer-301.ppm,1
Test_computer-309.ppm,1
Test_Cone-response.ppm,0
Test_construction-06.ppm,1
Test_construction-g6vr.ppm,1
Test_construction-w7xq.ppm,1
Test_corn-j7z2.ppm,1
Test_couple.ppm,1
Test_cover07_img10.png,0
Test_crowd-people-g3ky.ppm,1
Test_cubeiccp_PNGOUT.ppm,0
Test_cwheel.ppm,0
Test_DarkWorld.ppm,0
Test_demos_explorer_PNGOUT.ppm,0
Test_demos_gift-demo_PNGOUT.ppm,0
Test_Desert_landscape.png,1
Test_dev.ppm,0
Test_diabolik_001.png,0
Test_diabolik_002.png,0
Test_Diabolik_animato.png,0
Test_didle_PNGOUT.ppm,0
Test_disneyBMP.png,0
Test_door-e5f8.ppm,1
Test_dumper.png,0
Test_eagle.ppm,1
Test_ecb_berlin_07t.png,0
Test_ecb_ny_89t.png,0
Test_ecb-assembler-17t-1.png,0
Test_europa_karte_de_PNGOUT.ppm,0
Test_Facade.ppm,1
Test_face1.ppm,1
Test_Farbkreis_Itten_1961.png,0
Test_favicons_large_PNGOUT.ppm,0
Test_flaggen_580x2500_PNGOUT.ppm,0
Test_flowers-k5cq.ppm,1
Test_flowers-y02o.ppm,1
Test_fragerance1.png,0
Test_FRD-Bonn-20s-882x623.ppm,0
Test_Gem-BMP_1000.png,1
Test_gg.ppm,1
Test_girl.ppm,1
Test_girl1.ppm,1
Test_grey-leaves-1g7u_small.ppm,1
Test_Hangeul.ppm,0
Test_happybirds.ppm,0
Test_home3.ppm,1
Test_home4.ppm,1
Test_hp3.ppm,0
Test_im1.ppm,1
Test_im10.ppm,1
Test_im12.ppm,1
Test_im14.ppm,1
Test_im15.ppm,1
Test_im19.ppm,1
Test_im2.ppm,1
Test_im20.ppm,1
Test_im3.ppm,1
Test_im4.ppm,1
Test_im5.ppm,1
Test_im6.ppm,1
Test_im7.ppm,1
Test_im8.ppm,1
Test_ImageConverter.png,0
Test_ImageConverter_1.png,0
Test_img-icons-a-png-official-macosx-leopard-icon-pack-daddy77-17777.ppm,0
Test_index_abc.png,0
Test_Jupiter_Earth_Comparison.ppm,1
Test_k01.ppm,1
Test_k02.ppm,1
Test_k03.ppm,1
Test_k04.ppm,1
Test_k05.ppm,1
Test_k06.ppm,1
Test_k07.ppm,1
Test_k08.ppm,1
Test_k09.ppm,1
Test_k10.ppm,1
Test_k11.ppm,1
Test_k12.ppm,1
Test_k13.ppm,1
Test_k14.ppm,1
Test_k15.ppm,1
Test_k16.ppm,1
Test_k17.ppm,1
Test_k18.ppm,1
Test_k19.ppm,1
Test_k20.ppm,1
Test_k21.ppm,1
Test_k22.ppm,1
Test_k23.ppm,1
Test_k24.ppm,1
Test_kbm-oslocentralxmas-34t.png,0
Test_keyboard.png,0
Test_kodim01.ppm,1
Test_kodim02.ppm,1
Test_kodim03.ppm,1
Test_kodim04.ppm,1
Test_kodim05.ppm,1
Test_kodim06.ppm,1
Test_kodim07.ppm,1
Test_kodim08.ppm,1
Test_kodim09.ppm,1
Test_kodim10.ppm,1
Test_kodim11.ppm,1
Test_kodim12.ppm,1
Test_kodim13.ppm,1
Test_kodim14.ppm,1
Test_kodim15.ppm,1
Test_kodim16.ppm,1
Test_kodim17.ppm,1
Test_kodim18.ppm,1
Test_kodim19.ppm,1
Test_kodim20.ppm,1
Test_kodim21.ppm,1
Test_kodim22.ppm,1
Test_kodim23.ppm,1
Test_kodim24.ppm,1
Test_krb-insertpostersanta-07t.png,0
Test_Lady+Gaga+PNG.ppm,1
Test_ladybug_landscape.png,0
Test_lake1.ppm,1
Test_Landscape.png,0
Test_Landscape_002.png,0
Test_Landscape_Full_HD_by_depARTed89.png,0
Test_langfristchart_historischer_chart_orangensaft_PNGOUT.ppm,0
Test_lawn-v6h3.ppm,1
Test_leaves-12.ppm,1
Test_leaves-6n3y.ppm,1
Test_leaves-kijj7.ppm,1
Test_leaves-mval_small.ppm,1
Test_light_world-1_PNGOUT.ppm,0
Test_Logo_3.png,0
Test_lunar-lander.ppm,1
Test_macro-765.ppm,1
Test_Map_118230550922074.ppm,0
Test_map_vicinity.png,0
Test_mcn-cokedublin-43s.png,0
Test_mediothek_landscape.png,0
Test_meditate_fel_PNGOUT.ppm,0
Test_Merian-PNG.png,0
Test_Michelangelo_David.ppm,1
Test_misc-09.ppm,1
Test_MMSposter-large.png,1
Test_night-379.ppm,1
Test_noir-diabolik-guitar-hommess_design.png,0
Test_Nukleationskern_Fluessigkeit.ppm,0
Test_Oblivion2007101513345379.png,0
Test_Oblivion2007101714023034.png,0
Test_Oblivion2007101714024170.png,0
Test_Oblivion2007101714040018.png,0
Test_o-png24_PNGOUT.ppm,1
Test_orm-makeposter2008-14t.png,0
Test_P_thin_ext_cor_BlackBodyCT.ppm,0
Test_p08_PNGOUT.ppm,1
Test_party_4s.ppm,1
Test_pasodoble1.png,1
Test_pasodoble3.png,1
Test_pc-z5e2.ppm,1
Test_pebbles.ppm,1
Test_people-126.ppm,1
Test_periodensystem-1280x887.png,0
Test_pie_charts_3d.ppm,0
Test_pixelart3jpg.png,0
Test_plant-fol2.ppm,1
Test_png.png,0
Test_png-8passes_PNGOUT.ppm,0
Test_png-9passes.ppm,0
Test_png-IceAlpha-ie5mac.ppm,0
Test_police.png,0
Test_prismIcon.png,0
Test_PT_babeltower_01t1.png,0
Test_PTHNWIDE_WaveletsGamma_LVGamp16Contp8.ppm,0
Test_puzzle-p7z.ppm,1
Test_pzbr11_0.16.10_PNGOUT.ppm,1
Test_rapeseed-z83.ppm,1
Test_reactos_0.3.1_booklet_cover.png,0
Test_reba.ppm,1
Test_redhead.ppm,1
Test_roof-uh8k.ppm,1
Test_rope-239.ppm,1
Test_rubbish-water-2ju8.ppm,1
Test_satellite.ppm,0
Test_saturn.ppm,1
Test_save-png-dialog.png,0
Test_ScreenShot37.png,0
Test_ScreenShot39.png,0
Test_seagull.ppm,1
Test_server.ppm,1
Test_shadow.ppm,1
Test_ship.rgb.ppm,1
Test_soft-drinks-7z2.ppm,1
Test_soldier_x.png,0
Test_Splenda-povray.ppm,0
Test_Spring1887.ppm,0
Test_steamtrain.ppm,1
Test_stocksch√ºtze.png,0
Test_stone-i9sv.ppm,1
Test_stones-cairns-76.ppm,1
Test_stones-dx68.ppm,1
Test_stones-g7x9.ppm,1
Test_stones-t8c3.ppm,1
Test_sunflower.ppm,1
Test_sunset3.ppm,1
Test_supersexygirls-pack-2.png,0
Test_SXI_20060706_151118162_AA_13_first.ppm,0
Test_tajmahal.ppm,0
Test_tangoIcons.png,0
Test_Tectonic_plates.png,0
Test_text.ppm,0
Test_texture-009.ppm,1
Test_TF3D_Landscape.png,0
Test_The_Earth_seen_from_Apollo_17_PNGOUT.ppm,1
Test_The+Saturdays+Better+Quality+in+PNG.ppm,1
Test_The+Veronicas+PNG.ppm,1
Test_TIC_Wallpaper001.png,0
Test_tiger.ppm,1
Test_tree-32.ppm,1
Test_tree-794.ppm,1
Test_tree-flowers-u6v.ppm,1
Test_tux-agafix.png,0
Test_Universe_expansion.png,0
Test_wallpaper_oceanfreight_1280x960.ppm,1
Test_wallpaper_railfreight_1280x960.ppm,1
Test_water-08.ppm,1
Test_water-dx3d.ppm,1
Test_water-ual1.ppm,1
Test_water-uv5k.ppm,1
Test_WEBDESIGNER_ISSUE_100.png,0
Test_Wikispecies-logo.ppm,0
Test_window1.ppm,1
Test_winkler-gnu-blue.png,0
Test_WMAP_2008.ppm,0
Test_wolf.ppm,1
Test_woman.rgb.ppm,1
Test_woodgrove_PNGOUT.ppm,0
Test_Xcode_Shortcuts.ppm,0
Test_Xcode_Shortcuts_B_W.ppm,0
Test_zoo-016.ppm,1
DMC-TZ5_PPM_cherry_blossom_2048x1536.ppm,1
DMC-TZ5_PPM_cherry_blossom_2560x1920.ppm,1
DMC-TZ5_PPM_cherry_blossom_3456x2592.ppm,1
DMC-TZ5_PPM_cow_2048x1536.ppm,1
DMC-TZ5_PPM_cow_2560x1920.ppm,1
DMC-TZ5_PPM_cow_640x480.ppm,1
DMC-TZ5_PPM_im_0001.ppm,1
DMC-TZ5_PPM_im_0002.ppm,1
DMC-TZ5_PPM_im_0003.ppm,1
DMC-TZ5_PPM_im_0004.ppm,1
DMC-TZ5_PPM_im_0005.ppm,1
DMC-TZ5_PPM_im_0006.ppm,1
DMC-TZ5_PPM_im_0007.ppm,1
DMC-TZ5_PPM_im_0008.ppm,1
DMC-TZ5_PPM_im_0009.ppm,1
DMC-TZ5_PPM_im_0010.ppm,1
DMC-TZ5_PPM_im_0011.ppm,1
DMC-TZ5_PPM_im_0012.ppm,1
DMC-TZ5_PPM_im_0013.ppm,1
DMC-TZ5_PPM_im_0014.ppm,1
DMC-TZ5_PPM_im_0015.ppm,1
DMC-TZ5_PPM_im_0016.ppm,1
DMC-TZ5_PPM_im_0017.ppm,1
DMC-TZ5_PPM_im_0018.ppm,1
DMC-TZ5_PPM_im_0019.ppm,1
DMC-TZ5_PPM_im_0020.ppm,1
DMC-TZ5_PPM_im_0021.ppm,1
DMC-TZ5_PPM_im_0022.ppm,1
DMC-TZ5_PPM_im_0023.ppm,1
DMC-TZ5_PPM_im_0024.ppm,1
DMC-TZ5_PPM_im_0025.ppm,1
DMC-TZ5_PPM_im_0026.ppm,1
DMC-TZ5_PPM_im_0027.ppm,1
DMC-TZ5_PPM_im_0028.ppm,1
DMC-TZ5_PPM_im_0029.ppm,1
DMC-TZ5_PPM_im_0030.ppm,1
DMC-TZ5_PPM_im_0031.ppm,1
DMC-TZ5_PPM_im_0032.ppm,1
DMC-TZ5_PPM_im_0033.ppm,1
DMC-TZ5_PPM_im_0034.ppm,1
DMC-TZ5_PPM_im_0035.ppm,1
DMC-TZ5_PPM_im_0036.ppm,1
DMC-TZ5_PPM_im_0037.ppm,1
DMC-TZ5_PPM_im_0038.ppm,1
DMC-TZ5_PPM_im_0039.ppm,1
DMC-TZ5_PPM_im_0040.ppm,1
DMC-TZ5_PPM_im_0041.ppm,1
DMC-TZ5_PPM_im_0042.ppm,1
DMC-TZ5_PPM_im_0043.ppm,1
DMC-TZ5_PPM_im_0044.ppm,1
DMC-TZ5_PPM_im_0045.ppm,1
DMC-TZ5_PPM_im_0046.ppm,1
DMC-TZ5_PPM_im_0047.ppm,1
DMC-TZ5_PPM_im_0048.ppm,1
DMC-TZ5_PPM_im_0049.ppm,1
DMC-TZ5_PPM_im_0050.ppm,1
DMC-TZ5_PPM_im_0051.ppm,1
DMC-TZ5_PPM_im_0052.ppm,1
DMC-TZ5_PPM_im_0053.ppm,1
DMC-TZ5_PPM_im_0054.ppm,1
DMC-TZ5_PPM_im_0055.ppm,1
DMC-TZ5_PPM_im_0056.ppm,1
DMC-TZ5_PPM_im_0057.ppm,1
DMC-TZ5_PPM_im_0058.ppm,1
DMC-TZ5_PPM_im_0059.ppm,1
DMC-TZ5_PPM_im_0060.ppm,1
DMC-TZ5_PPM_im_0061.ppm,1
DMC-TZ5_PPM_im_0062.ppm,1
DMC-TZ5_PPM_im_0063.ppm,1
DMC-TZ5_PPM_im_0064.ppm,1
DMC-TZ5_PPM_im_0065.ppm,1
DMC-TZ5_PPM_im_0066.ppm,1
DMC-TZ5_PPM_im_0067.ppm,1
DMC-TZ5_PPM_im_0068.ppm,1
DMC-TZ5_PPM_im_0069.ppm,1
DMC-TZ5_PPM_im_0070.ppm,1
DMC-TZ5_PPM_im_0071.ppm,1
DMC-TZ5_PPM_im_0072.ppm,1
DMC-TZ5_PPM_im_0073.ppm,1
DMC-TZ5_PPM_im_0074.ppm,1
DMC-TZ5_PPM_im_0075.ppm,1
DMC-TZ5_PPM_im_0076.ppm,1
DMC-TZ5_PPM_im_0077.ppm,1
DMC-TZ5_PPM_im_0078.ppm,1
DMC-TZ5_PPM_im_0079.ppm,1
DMC-TZ5_PPM_im_0080.ppm,1
DMC-TZ5_PPM_im_0081.ppm,1
DMC-TZ5_PPM_im_0082.ppm,1
DMC-TZ5_PPM_im_0083.ppm,1
DMC-TZ5_PPM_im_0084.ppm,1
DMC-TZ5_PPM_im_0085.ppm,1
DMC-TZ5_PPM_im_0086.ppm,1
DMC-TZ5_PPM_im_0087.ppm,1
DMC-TZ5_PPM_im_0088.ppm,1
DMC-TZ5_PPM_im_0089.ppm,1
DMC-TZ5_PPM_im_0090.ppm,1
DMC-TZ5_PPM_im_0091.ppm,1
DMC-TZ5_PPM_im_0092.ppm,1
DMC-TZ5_PPM_im_0093.ppm,1
DMC-TZ5_PPM_im_0094.ppm,1
DMC-TZ5_PPM_im_0095.ppm,1
DMC-TZ5_PPM_im_0096.ppm,1
DMC-TZ5_PPM_im_0097.ppm,1
DMC-TZ5_PPM_im_0098.ppm,1
DMC-TZ5_PPM_im_0099.ppm,1
DMC-TZ5_PPM_im_0100.ppm,1
DMC-TZ5_PPM_im_0101.ppm,1
DMC-TZ5_PPM_im_0102.ppm,1
DMC-TZ5_PPM_im_0103.ppm,1
DMC-TZ5_PPM_im_0104.ppm,1
DMC-TZ5_PPM_im_0105.ppm,1
DMC-TZ5_PPM_im_0106.ppm,1
DMC-TZ5_PPM_im_0107.ppm,1
DMC-TZ5_PPM_im_0108.ppm,1
DMC-TZ5_PPM_im_0109.ppm,1
DMC-TZ5_PPM_im_0110.ppm,1
DMC-TZ5_PPM_im_0111.ppm,1
DMC-TZ5_PPM_im_0112.ppm,1
DMC-TZ5_PPM_im_0113.ppm,1
DMC-TZ5_PPM_im_0114.ppm,1
DMC-TZ5_PPM_im_0115.ppm,1
DMC-TZ5_PPM_im_0116.ppm,1
DMC-TZ5_PPM_im_0117.ppm,1
DMC-TZ5_PPM_im_0118.ppm,1
DMC-TZ5_PPM_im_0119.ppm,1
DMC-TZ5_PPM_im_0120.ppm,1
DMC-TZ5_PPM_im_0121.ppm,1
DMC-TZ5_PPM_im_0122.ppm,1
DMC-TZ5_PPM_im_0123.ppm,1
DMC-TZ5_PPM_im_0124.ppm,1
DMC-TZ5_PPM_im_0125.ppm,1
DMC-TZ5_PPM_im_0126.ppm,1
DMC-TZ5_PPM_im_0127.ppm,1
DMC-TZ5_PPM_im_0128.ppm,1
DMC-TZ5_PPM_im_0129.ppm,1
DMC-TZ5_PPM_im_0130.ppm,1
DMC-TZ5_PPM_im_0131.ppm,1
DMC-TZ5_PPM_im_0132.ppm,1
DMC-TZ5_PPM_im_0133.ppm,1
DMC-TZ5_PPM_im_0134.ppm,1
DMC-TZ5_PPM_im_0135.ppm,1
DMC-TZ5_PPM_im_0136.ppm,1
DMC-TZ5_PPM_im_0137.ppm,1
DMC-TZ5_PPM_im_0138.ppm,1
DMC-TZ5_PPM_im_0139.ppm,1
DMC-TZ5_PPM_im_0140.ppm,1
DMC-TZ5_PPM_im_0141.ppm,1
DMC-TZ5_PPM_im_0142.ppm,1
DMC-TZ5_PPM_im_0143.ppm,1
DMC-TZ5_PPM_im_0144.ppm,1
DMC-TZ5_PPM_im_0145.ppm,1
DMC-TZ5_PPM_im_0146.ppm,1
DMC-TZ5_PPM_im_0147.ppm,1
DMC-TZ5_PPM_im_0148.ppm,1
DMC-TZ5_PPM_im_0149.ppm,1
DMC-TZ5_PPM_im_0150.ppm,1
DMC-TZ5_PPM_im_0151.ppm,1
DMC-TZ5_PPM_im_0152.ppm,1
DMC-TZ5_PPM_im_0153.ppm,1
DMC-TZ5_PPM_im_0154.ppm,1
DMC-TZ5_PPM_im_0155.ppm,1
DMC-TZ5_PPM_im_0156.ppm,1
DMC-TZ5_PPM_im_0157.ppm,1
DMC-TZ5_PPM_im_0158.ppm,1
DMC-TZ5_PPM_im_0159.ppm,1
DMC-TZ5_PPM_im_0160.ppm,1
DMC-TZ5_PPM_im_0161.ppm,1
DMC-TZ5_PPM_im_0162.ppm,1
DMC-TZ5_PPM_im_0163.ppm,1
DMC-TZ5_PPM_im_0164.ppm,1
DMC-TZ5_PPM_im_0165.ppm,1
DMC-TZ5_PPM_im_0166.ppm,1
DMC-TZ5_PPM_im_0167.ppm,1
DMC-TZ5_PPM_im_0168.ppm,1
DMC-TZ5_PPM_im_0169.ppm,1
DMC-TZ5_PPM_im_0170.ppm,1
DMC-TZ5_PPM_im_0171.ppm,1
DMC-TZ5_PPM_im_0172.ppm,1
DMC-TZ5_PPM_im_0173.ppm,1
DMC-TZ5_PPM_im_0174.ppm,1
DMC-TZ5_PPM_im_0175.ppm,1
DMC-TZ5_PPM_im_0176.ppm,1
DMC-TZ5_PPM_im_0177.ppm,1
DMC-TZ5_PPM_im_0178.ppm,1
DMC-TZ5_PPM_im_0179.ppm,1
DMC-TZ5_PPM_im_0180.ppm,1
DMC-TZ5_PPM_im_0181.ppm,1
DMC-TZ5_PPM_im_0182.ppm,1
DMC-TZ5_PNG_actress_1.png,1
DMC-TZ5_PNG_actress_2.png,1
DMC-TZ5_PNG_actress_3.png,1
DMC-TZ5_PNG_bark.png,1
DMC-TZ5_PNG_basket.png,1
DMC-TZ5_PNG_black_cat.png,1
DMC-TZ5_PNG_blossom_1.png,1
DMC-TZ5_PNG_blossom_2.png,1
DMC-TZ5_PNG_blossom_3.png,1
DMC-TZ5_PNG_blossom_4.png,1
DMC-TZ5_PNG_blossom_5.png,1
DMC-TZ5_PNG_blossom_6.png,1
DMC-TZ5_PNG_blossom_7.png,1
DMC-TZ5_PNG_blue_helmet.png,1
DMC-TZ5_PNG_broom_1.png,1
DMC-TZ5_PNG_broom_2.png,1
DMC-TZ5_PNG_bucket.png,1
DMC-TZ5_PNG_butterfly_1.png,1
DMC-TZ5_PNG_butterfly_2.png,1
DMC-TZ5_PNG_butterfly_3.png,1
DMC-TZ5_PNG_canvas_1.png,1
DMC-TZ5_PNG_canvas_2.png,1
DMC-TZ5_PNG_chinese_lantern.png,1
DMC-TZ5_PNG_chute.png,1
DMC-TZ5_PNG_composition.png,1
DMC-TZ5_PNG_crystals.png,1
DMC-TZ5_PNG_dots.png,1
DMC-TZ5_PNG_fabric_1.png,1
DMC-TZ5_PNG_fabric_2.png,1
DMC-TZ5_PNG_fleece.png,1
DMC-TZ5_PNG_glass_pane.png,1
DMC-TZ5_PNG_glas_coloured_1.png,1
DMC-TZ5_PNG_glas_coloured_2.png,1
DMC-TZ5_PNG_glas_coloured_3.png,1
DMC-TZ5_PNG_glas_coloured_4.png,1
DMC-TZ5_PNG_glas_coloured_5.png,1
DMC-TZ5_PNG_glas_coloured_6.png,1
DMC-TZ5_PNG_green_wheel_1.png,1
DMC-TZ5_PNG_green_wheel_2.png,1
DMC-TZ5_PNG_grill_bag.png,1
DMC-TZ5_PNG_guitar_detail.png,1
DMC-TZ5_PNG_guitar_knobs.png,1
DMC-TZ5_PNG_guitar_label.png,1
DMC-TZ5_PNG_guitar_strings.png,1
DMC-TZ5_PNG_hedgehog.png,1
DMC-TZ5_PNG_keyhole.png,1
DMC-TZ5_PNG_knob.png,1
DMC-TZ5_PNG_lemon.png,1
DMC-TZ5_PNG_lemon2.png,1
DMC-TZ5_PNG_ornament_painted.png,1
DMC-TZ5_PNG_parquet.png,1
DMC-TZ5_PNG_pegs.png,1
DMC-TZ5_PNG_pegs_basket_1.png,1
DMC-TZ5_PNG_pegs_basket_2.png,1
DMC-TZ5_PNG_plant.png,1
DMC-TZ5_PNG_plastic_1.png,1
DMC-TZ5_PNG_plastic_2.png,1
DMC-TZ5_PNG_plastic_3.png,1
DMC-TZ5_PNG_pottery.png,1
DMC-TZ5_PNG_pottery2.png,1
DMC-TZ5_PNG_power_plant_1.png,1
DMC-TZ5_PNG_power_plant_2.png,1
DMC-TZ5_PNG_rake.png,1
DMC-TZ5_PNG_red_candle.png,1
DMC-TZ5_PNG_red_wall.png,1
DMC-TZ5_PNG_reflector_1.png,1
DMC-TZ5_PNG_reflector_2.png,1
DMC-TZ5_PNG_saddle.png,1
DMC-TZ5_PNG_sere_leaves.png,1
DMC-TZ5_PNG_sheep_wool.png,1
DMC-TZ5_PNG_shrub.png,1
DMC-TZ5_PNG_sky.png,1
DMC-TZ5_PNG_spade.png,1
DMC-TZ5_PNG_spots.png,1
DMC-TZ5_PNG_stain.png,1
DMC-TZ5_PNG_stewart_tartan.png,1
DMC-TZ5_PNG_stewart_tartan_2.png,1
DMC-TZ5_PNG_stitching.png,1
DMC-TZ5_PNG_striped_cats.png,1
DMC-TZ5_PNG_stroller.png,1
DMC-TZ5_PNG_surface_1.png,1
DMC-TZ5_PNG_surface_2.png,1
DMC-TZ5_PNG_surface_3.png,1
DMC-TZ5_PNG_surface_4.png,1
DMC-TZ5_PNG_tiles_1.png,1
DMC-TZ5_PNG_tiles_2.png,1
DMC-TZ5_PNG_toys_1.png,1
DMC-TZ5_PNG_tulips_1.png,1
DMC-TZ5_PNG_tulips_2.png,1
DMC-TZ5_PNG_tulips_3.png,1
DMC-TZ5_PNG_vader.png,1
DMC-TZ5_PNG_watch.png,1
DMC-TZ5_PNG_wood.png,1
DMC-TZ5_PNG_wooden_box.png,1
DMC-TZ5_PNG_wooden_chekker_1.png,1
DMC-TZ5_PNG_wooden_chekker_2.png,1
DMC-TZ5_PNG_wooden_ornament_1.png,1
DMC-TZ5_PNG_wooden_ornament_2.png,1
DMC-TZ5_PNG_wooden_ornament_3.png,1
DMC-TZ5_PNG_wood_2.png,1
DMC-TZ5_PNG_wood_cut.png,1
DMC-TZ5_PNG_yellow_orchid.png,1
Science_PNG_06-1986-dibias-science-art-41.png,0
Science_PNG_2175x3075-ortho-green.png,0
Science_PNG_3047354.png,0
Science_PNG_3975590069_7d5e05207e_o.png,0
Science_PNG_408px-Killersudoku_color.png,0
Science_PNG_4249587213_e0b0f99bcc_o.png,0
Science_PNG_4506830830_243f2630fb_o.png,0
Science_PNG_5colors.png,0
Science_PNG_6061621.png,0
Science_PNG_73755.png,0
Science_PNG_800px-Solitaire_01.png,0
Science_PNG_ACTIN.png,0
Science_PNG_Alvarez_science_path.png,0
Science_PNG_apple-world-aquagraph-16074.png,0
Science_PNG_Art-Print-378-Purples-Reds-color-on-white.png,0
Science_PNG_article-0-0B9771B500000578-590_634x418.png,0
Science_PNG_artifacts-6.png,0
Science_PNG_b001793kf7.png,0
Science_PNG_b001793kf8.png,0
Science_PNG_benzene-homo-glsl-xray-cryos.png,0
Science_PNG_benzene-homo-glsl-xray1.png,0
Science_PNG_Best-Science-Images-2007-I-science-news-653287_461_615.png,0
Science_PNG_Best-Science-Images-2007-II-science-news-653313_461_404.png,0
Science_PNG_Blood-Sucking-Moths-science-news-2696550-468-258.png,0
"Science_PNG_C0017942-Normal_brain,_3D_CT_scan-SPL.png",0
Science_PNG_chapm-natphot-sug2.png,0
Science_PNG_circuit-board.png,0
Science_PNG_clockwork-4.png,0
Science_PNG_computer-science-ultimate.png,0
Science_PNG_computerized-tomography-us-heatmap.png,0
Science_PNG_computer_science2.png,0
Science_PNG_convert-pdf-to-bmp.png,0
Science_PNG_Cosmology_NEP.png,0
Science_PNG_cov-journal-science-prev2-med.png,0
Science_PNG_dc7b126a-20f9-4569-bfd4-ce10defa335d_1.png,0
Science_PNG_detroit20science20center-full.png,0
Science_PNG_en-14-ehr-comment-numeric-medical-document.png,0
Science_PNG_F1_large.png,0
Science_PNG_F1_medium.png,0
Science_PNG_F6_medium.png,0
Science_PNG_fig15.png,0
Science_PNG_fig2_howe.pg47.png,0
Science_PNG_fusion-pet-mri-ct-2.png,0
Science_PNG_ga-high-10.png,0
Science_PNG_g_black_hole.png,0
Science_PNG_high-frequency-mobile-x-ray-camera.png,0
Science_PNG_hyades_mosaic.png,0
Science_PNG_hyades_mosaic_color.png,0
Science_PNG_hyades_n.png,0
Science_PNG_I-love-science1024x768.png,0
Science_PNG_img41.png,0
Science_PNG_img_aboutUS.png,0
Science_PNG_inline-graphic-1.png,0
Science_PNG_institute_of_cognitive_science_osnabrueck_0_standard.png,0
Science_PNG_InVivoTarget1.png,0
Science_PNG_jones_street.png,0
Science_PNG_jones_street_2.png,0
Science_PNG_josephs_coat_of_many_colours-dennis_brown-joe_gibbs-jgml-6008a.png,0
Science_PNG_laser_scanning_tomography.png,0
Science_PNG_life_science.png,0
Science_PNG_logo-pflegetag-gross-rgb-bmp.png,0
Science_PNG_logo.BMP.png,0
Science_PNG_M0025_kappaxray_error.png,0
Science_PNG_M2100102-Colour_SPECT_scan_of_brain_during_migraine_attack-SPL.png,0
Science_PNG_M2400146-False-colour_CT_scan_of_a_head_showing_nasal_polyp-SPL.png,0
Science_PNG_mad-scientist-clipart.png,0
Science_PNG_medical2.png,0
Science_PNG_MICFig-121.png,0
Science_PNG_MICFig-122.png,0
Science_PNG_Micromega-science-news-653372_1280_960.png,0
Science_PNG_Microscopic_Images_3.png,0
Science_PNG_MITP_USA_2008DEC_tomography_IDV_western_US_2_isosurfaces_planView_300km.png,0
Science_PNG_ncat_fig7.8.png,0
Science_PNG_New-Science.png,0
Science_PNG_nqueens.png,0
Science_PNG_observatory.png,0
Science_PNG_p-radiologist-art1_1467422c.png,0
Science_PNG_PetHoerr.png,0
Science_PNG_physics.png,0
Science_PNG_PLOSMapOfScience.png,0
Science_PNG_Portal_2_Potatoe_Science_Kit.png,0
Science_PNG_PP_Medical_Dispenser.png,0
Science_PNG_PP_Skull.png,0
Science_PNG_Projekt.png,0
Science_PNG_RainbowRoad-double-150.png,0
Science_PNG_RAY-COLOR-3D_1328655128.png,0
Science_PNG_rumpelklas.png,0
Science_PNG_RXJ0852-46X.png,0
Science_PNG_RXJ0852-46_radio.png,0
Science_PNG_RX_J0852-4622HESS.png,0
Science_PNG_scheimpflug-cameras-for-anterior-segment-tomography-cornea-and-anterior-chamber-422700.png,0
Science_PNG_science-driver-projekt_cu5818.png,0
Science_PNG_science-fair-project-forum-ad.png,0
Science_PNG_science-ie1024x768.png,0
Science_PNG_science-papas-team.png,0
Science_PNG_science-tweeps-influence-090422.png,0
Science_PNG_science.png,0
Science_PNG_ScienceWeek2010_03.png,0
Science_PNG_Science_Busters_for_Kids_one_col.png,0
Science_PNG_science_fiction_14.png,0
Science_PNG_science_fiction_18.png,0
Science_PNG_science_fiction_7.png,0
Science_PNG_science_fiction_9.png,0
Science_PNG_science_process_diagram_big.png,0
Science_PNG_Science_Slam.png,0
Science_PNG_science_slam_mai_1330963836.png,0
Science_PNG_science_teacher.png,0
Science_PNG_science_teacher_2.png,0
Science_PNG_science_thunder.png,0
Science_PNG_Science_Wraps_2010.png,0
Science_PNG_sessa_fig3.png,0
Science_PNG_Spectroscopic_mapping_speeds_of_the_SPICA_far-IR-instrument.png,0
Science_PNG_spree_250.png,0
Science_PNG_ss433_natural_colour.png,0
Science_PNG_stadtplan-california-academy-of-science-1.png,0
Science_PNG_stadtplan-museum-of-science-industry-1.png,0
Science_PNG_sub-4.png,0
Science_PNG_SUFig-56.png,0
Science_PNG_SUFig-57.png,0
Science_PNG_TNCCA.png,0
Science_PNG_tomography-1-PN1.png,0
Science_PNG_TpyCoS-HOMO-glsl.png,0
Science_PNG_truck_01.png,0
Science_PNG_tutorial001.png,0
Science_PNG_tutorial010.png,0
Science_PNG_Vela_frs.png,0
Science_PNG_Vela_Jr.png,0
Science_PNG_vela_jr_rosat.png,0
Science_PNG_WFCAM_JHK_colour-composite_image.png,0
Science_PNG_WOBIB_140.png,0
Science_PNG_xspecs4_main.png,0
Science_PNG_Yang.png,0
Science_PNG_zebrafisch.png,0
Science_PNG_Zweiter_Paderborner_Science_Slam_Poster.png,0